"","Bilingual_Status","below_poverty_line","se"
"Bilingual","Bilingual",0.146053051590775,0.00156460118023027
"English Monolingual","English Monolingual",0.0997571580765057,0.000804140134982741
"NE Monolingual","NE Monolingual",0.230372615233007,0.00310048210634913
