"","Bilingual","No Healthcare Coverage","Healthcare Coverage"
"1","Bilingual",0.253117134204048,0.746882865795952
"2","Not Bilingual",0.129089692868189,0.870910307131811
